{"mass":0.3,"centerOfMass":[-0.0296,-0.0431,0.0845],"transformation":[0,1,0,0,-1,0,0,0,0,0,1,0,0,-0.15,0.12,1],"inertia":[0.001,-0.0077982,0.0555552,-0.0077982,0.0145585,0.004175,0.0555552,0.004175,0.001]}